epoch,time,train/box_loss,train/seg_loss,train/cls_loss,train/dfl_loss,metrics/precision(B),metrics/recall(B),metrics/mAP50(B),metrics/mAP50-95(B),metrics/precision(M),metrics/recall(M),metrics/mAP50(M),metrics/mAP50-95(M),val/box_loss,val/seg_loss,val/cls_loss,val/dfl_loss,lr/pg0,lr/pg1,lr/pg2
1,19.1269,0.70224,1.25397,0.90203,0.90551,0.42006,0.2211,0.22023,0.18694,0.41774,0.21933,0.21677,0.17596,1.0718,2.16252,2.76827,1.10499,5.20882e-05,5.20882e-05,5.20882e-05
2,31.5283,0.66623,1.22622,0.85346,0.88141,0.35547,0.19698,0.18947,0.15966,0.35107,0.19739,0.1869,0.14577,1.06604,2.09927,2.81347,1.10529,0.000105748,0.000105748,0.000105748
3,43.4375,0.70848,1.29381,0.91491,0.90275,0.41589,0.20707,0.21258,0.17753,0.40867,0.20633,0.20988,0.16162,1.08668,2.14141,2.85523,1.12339,0.000159383,0.000159383,0.000159383
4,55.3972,0.69192,1.27093,0.88763,0.89446,0.37705,0.22601,0.20384,0.16753,0.39834,0.22329,0.20163,0.15669,1.12038,2.20856,2.80835,1.13346,0.000160912,0.000160912,0.000160912
5,67.3119,0.70179,1.28038,0.95267,0.90428,0.42172,0.17172,0.19247,0.16089,0.44113,0.17026,0.19109,0.15136,1.11134,2.235,2.99144,1.13155,0.000160843,0.000160843,0.000160843
6,79.4706,0.71249,1.30641,0.93956,0.90648,0.23602,0.21566,0.17178,0.14356,0.23661,0.19325,0.17157,0.13477,1.10685,2.24423,2.89799,1.11017,0.000160754,0.000160754,0.000160754
7,91.6248,0.69802,1.26134,0.93187,0.90019,0.3563,0.19219,0.15879,0.13442,0.3587,0.1916,0.15721,0.12068,1.15242,2.26094,3.00865,1.16048,0.000160646,0.000160646,0.000160646
8,103.676,0.72451,1.33904,0.98514,0.9076,0.53529,0.16805,0.20011,0.17178,0.53213,0.16694,0.19797,0.1629,1.12084,2.26353,2.97652,1.14222,0.000160519,0.000160519,0.000160519
9,115.633,0.73588,1.35328,0.97285,0.915,0.46967,0.18864,0.20356,0.17269,0.46007,0.18432,0.19898,0.15931,1.13717,2.27967,2.9481,1.13899,0.000160372,0.000160372,0.000160372
10,127.396,0.70492,1.27618,0.92173,0.9067,0.36654,0.20986,0.18415,0.15325,0.35853,0.2075,0.18058,0.1379,1.10886,2.2375,3.01164,1.11664,0.000160205,0.000160205,0.000160205
11,139.387,0.74777,1.36704,0.98703,0.91348,0.48347,0.17345,0.17702,0.14629,0.48586,0.1733,0.17392,0.13571,1.11236,2.19435,2.8923,1.11793,0.000160019,0.000160019,0.000160019
12,151.392,0.7094,1.28706,0.92524,0.90886,0.44992,0.19456,0.20576,0.17317,0.44179,0.19229,0.20127,0.16222,1.10123,2.16591,2.88301,1.11153,0.000159813,0.000159813,0.000159813
13,163.219,0.73361,1.34832,0.96179,0.91508,0.42211,0.20544,0.19341,0.16206,0.41716,0.2012,0.18898,0.15348,1.10848,2.20307,2.91181,1.12296,0.000159588,0.000159588,0.000159588
14,175.171,0.70028,1.25166,0.88568,0.90059,0.29933,0.2521,0.20012,0.16383,0.29491,0.25201,0.19696,0.15564,1.1148,2.18284,2.89948,1.1324,0.000159344,0.000159344,0.000159344
15,187.174,0.7256,1.31811,0.97201,0.91621,0.28724,0.23236,0.19187,0.15839,0.28249,0.23458,0.18914,0.15244,1.09136,2.15604,2.96065,1.10701,0.000159081,0.000159081,0.000159081
16,199.235,0.7481,1.41384,0.97898,0.91387,0.37173,0.19179,0.1603,0.13179,0.36332,0.21157,0.16047,0.11864,1.1145,2.20038,2.92924,1.11538,0.000158798,0.000158798,0.000158798
17,211.341,0.74635,1.35422,0.95866,0.91375,0.31666,0.24734,0.19717,0.16099,0.30511,0.25165,0.19361,0.15106,1.10261,2.15759,2.89256,1.11992,0.000158496,0.000158496,0.000158496
18,223.341,0.71284,1.30891,0.96195,0.91185,0.27125,0.23575,0.18081,0.15203,0.26718,0.23205,0.17796,0.14169,1.10483,2.15794,2.9103,1.13006,0.000158175,0.000158175,0.000158175
19,235.457,0.71646,1.30564,0.95534,0.90718,0.3273,0.18934,0.16939,0.14577,0.32893,0.18893,0.17046,0.1363,1.10134,2.19432,2.96202,1.11951,0.000157836,0.000157836,0.000157836
20,247.553,0.72045,1.27343,0.94115,0.90258,0.26828,0.21351,0.16855,0.14633,0.26801,0.2181,0.17002,0.13737,1.12085,2.1822,2.94161,1.13425,0.000157477,0.000157477,0.000157477
21,259.521,0.74288,1.37829,0.9696,0.92222,0.52082,0.16327,0.17543,0.15208,0.52141,0.1635,0.17438,0.14234,1.09522,2.17198,2.91031,1.11803,0.000157099,0.000157099,0.000157099
22,271.471,0.69095,1.20716,0.88495,0.89763,0.35168,0.15886,0.16988,0.14329,0.35158,0.15934,0.16982,0.13581,1.10084,2.23802,2.93365,1.10681,0.000156703,0.000156703,0.000156703
23,283.53,0.73703,1.3665,0.95529,0.91783,0.2629,0.2044,0.18158,0.15275,0.26014,0.20258,0.17903,0.13999,1.09544,2.28397,2.9654,1.11402,0.000156288,0.000156288,0.000156288
24,295.542,0.70361,1.31819,0.93495,0.90567,0.37331,0.18311,0.16956,0.14384,0.3709,0.18239,0.16717,0.13516,1.09655,2.2597,3.00986,1.12745,0.000155855,0.000155855,0.000155855
25,307.707,0.71753,1.30543,0.92007,0.90527,0.42562,0.21645,0.19564,0.16491,0.42126,0.21455,0.19274,0.15099,1.11098,2.20015,2.9309,1.13753,0.000155404,0.000155404,0.000155404
26,319.887,0.7023,1.28797,0.92192,0.90203,0.40463,0.18299,0.17796,0.14764,0.39846,0.18189,0.17799,0.13809,1.10661,2.21816,2.95535,1.13485,0.000154934,0.000154934,0.000154934
27,331.851,0.70659,1.28689,0.93467,0.9028,0.24849,0.24059,0.18452,0.15396,0.25001,0.23707,0.17989,0.14169,1.11913,2.1885,2.9432,1.12424,0.000154445,0.000154445,0.000154445
28,343.732,0.71646,1.27567,0.9334,0.89799,0.31173,0.2213,0.17871,0.1454,0.3104,0.21983,0.17846,0.1383,1.11691,2.12462,2.89779,1.12938,0.000153939,0.000153939,0.000153939
29,355.697,0.72308,1.34353,0.97052,0.91329,0.34283,0.2097,0.17919,0.14861,0.33902,0.21045,0.17697,0.13724,1.09794,2.17086,2.89324,1.12131,0.000153415,0.000153415,0.000153415
30,367.771,0.71679,1.27703,0.93736,0.90184,0.38083,0.21733,0.16925,0.13695,0.37861,0.21673,0.16711,0.12656,1.09708,2.1953,2.89612,1.11495,0.000152873,0.000152873,0.000152873
31,379.726,0.70799,1.26363,0.91508,0.90054,0.36214,0.17505,0.1848,0.15531,0.36023,0.17434,0.18267,0.14687,1.10964,2.19122,2.90658,1.12143,0.000152314,0.000152314,0.000152314
32,391.708,0.73011,1.30913,0.94763,0.90698,0.29238,0.25949,0.19049,0.15559,0.29015,0.25667,0.18609,0.14784,1.12214,2.18262,2.87958,1.13233,0.000151737,0.000151737,0.000151737
33,403.628,0.7054,1.31769,0.90314,0.90374,0.40103,0.23686,0.18935,0.14961,0.39358,0.23451,0.18197,0.13797,1.11835,2.23292,2.84782,1.14454,0.000151142,0.000151142,0.000151142
34,415.632,0.72678,1.32768,0.91036,0.91121,0.42619,0.19195,0.19036,0.154,0.42304,0.19107,0.18779,0.14257,1.10641,2.25801,2.95299,1.132,0.000150531,0.000150531,0.000150531
35,427.595,0.69394,1.28113,0.89597,0.89937,0.4036,0.19436,0.18987,0.15134,0.40006,0.19424,0.18736,0.14374,1.0998,2.20365,2.98501,1.1076,0.000149902,0.000149902,0.000149902
36,439.419,0.70936,1.27028,0.94388,0.899,0.40916,0.19655,0.1818,0.14345,0.3754,0.20802,0.17771,0.13791,1.10651,2.1486,2.95949,1.11952,0.000149256,0.000149256,0.000149256
37,451.34,0.68986,1.28762,0.91477,0.90733,0.3276,0.21076,0.17349,0.14827,0.32042,0.20632,0.16819,0.13336,1.10495,2.14647,2.90425,1.13219,0.000148594,0.000148594,0.000148594
38,463.337,0.71458,1.31635,0.91795,0.89797,0.2864,0.23683,0.18923,0.16167,0.28052,0.23119,0.18294,0.15045,1.12015,2.19342,2.86333,1.14419,0.000147915,0.000147915,0.000147915
39,475.408,0.69647,1.29146,0.9055,0.90922,0.25505,0.23473,0.17963,0.14505,0.25345,0.2317,0.17563,0.1304,1.14107,2.21577,2.89935,1.14645,0.000147219,0.000147219,0.000147219
40,487.475,0.71218,1.30581,0.90891,0.91348,0.42859,0.18343,0.18742,0.1492,0.42149,0.18203,0.18614,0.13804,1.15025,2.19248,2.90042,1.14983,0.000146507,0.000146507,0.000146507
41,499.536,0.69471,1.28832,0.90469,0.89843,0.327,0.17438,0.17057,0.13857,0.37949,0.16295,0.16917,0.12564,1.1413,2.20337,2.96514,1.12989,0.00014578,0.00014578,0.00014578
42,511.651,0.6898,1.22596,0.84683,0.89046,0.26286,0.21864,0.18755,0.15084,0.25934,0.21872,0.18397,0.13905,1.13214,2.22159,2.97192,1.13654,0.000145036,0.000145036,0.000145036
43,523.59,0.70357,1.26098,0.9126,0.90377,0.32502,0.19954,0.17746,0.14128,0.32068,0.19836,0.17434,0.12735,1.13865,2.21361,2.94798,1.13897,0.000144276,0.000144276,0.000144276
44,535.559,0.71764,1.3351,0.91316,0.90699,0.31731,0.23207,0.19557,0.15762,0.31487,0.22996,0.19242,0.14577,1.09692,2.19088,2.8407,1.14013,0.000143501,0.000143501,0.000143501
45,547.46,0.68641,1.24629,0.8752,0.89749,0.28827,0.22215,0.18947,0.15485,0.28291,0.21924,0.18689,0.14602,1.10305,2.18194,2.91928,1.13319,0.000142711,0.000142711,0.000142711
46,559.352,0.69765,1.29175,0.88839,0.90043,0.34426,0.17203,0.19252,0.16331,0.34367,0.17236,0.19143,0.1548,1.12321,2.18551,3.04694,1.14378,0.000141906,0.000141906,0.000141906
47,571.258,0.69771,1.25038,0.86741,0.89201,0.40607,0.16828,0.16654,0.13855,0.40525,0.16715,0.16446,0.12986,1.11581,2.23334,2.9064,1.13534,0.000141085,0.000141085,0.000141085
48,583.407,0.70117,1.29438,0.91086,0.89883,0.24363,0.22703,0.17972,0.14432,0.24434,0.22771,0.17773,0.13766,1.08528,2.17366,2.84239,1.12557,0.00014025,0.00014025,0.00014025
49,595.533,0.68458,1.22291,0.85221,0.89302,0.25452,0.21048,0.16859,0.13562,0.25605,0.21059,0.16638,0.12851,1.12545,2.20432,2.92437,1.15596,0.0001394,0.0001394,0.0001394
50,607.535,0.67232,1.18376,0.84206,0.89073,0.38216,0.17042,0.18793,0.15477,0.35195,0.17424,0.1853,0.14435,1.11246,2.20377,2.86325,1.12644,0.000138536,0.000138536,0.000138536
51,619.574,0.68112,1.24916,0.85561,0.89797,0.38208,0.17192,0.18218,0.15359,0.37424,0.17883,0.17878,0.14471,1.10377,2.12884,2.88665,1.12421,0.000137658,0.000137658,0.000137658
52,631.549,0.69639,1.27458,0.8663,0.90218,0.43936,0.16547,0.18226,0.15227,0.44373,0.16243,0.17967,0.14009,1.09158,2.11631,2.86686,1.12472,0.000136766,0.000136766,0.000136766
53,643.723,0.707,1.31138,0.89745,0.91079,0.45289,0.16289,0.17245,0.14736,0.45012,0.16205,0.17017,0.13511,1.12295,2.1675,2.89617,1.12822,0.00013586,0.00013586,0.00013586
54,655.621,0.71799,1.35437,0.93062,0.91284,0.36224,0.20215,0.19069,0.1538,0.42348,0.17514,0.18766,0.14656,1.13641,2.21823,2.94869,1.14881,0.000134941,0.000134941,0.000134941
55,667.646,0.70204,1.29266,0.85223,0.89809,0.29403,0.23267,0.17876,0.1499,0.29269,0.23492,0.17677,0.14147,1.12179,2.19953,2.90484,1.14164,0.000134008,0.000134008,0.000134008
56,679.651,0.70141,1.28098,0.83892,0.89154,0.37677,0.20337,0.18516,0.15267,0.37551,0.20045,0.18198,0.14274,1.1073,2.18157,2.88852,1.14052,0.000133063,0.000133063,0.000133063
57,691.667,0.6831,1.29938,0.84051,0.89868,0.39414,0.21425,0.20126,0.16891,0.39024,0.21248,0.19752,0.15786,1.09513,2.16866,2.81918,1.13694,0.000132105,0.000132105,0.000132105
58,703.654,0.68041,1.24162,0.82929,0.89186,0.42837,0.1895,0.2032,0.16744,0.42268,0.18782,0.19875,0.15521,1.12304,2.21631,2.87625,1.15406,0.000131134,0.000131134,0.000131134
59,715.719,0.68587,1.2243,0.84277,0.88856,0.31064,0.22732,0.19643,0.16604,0.30009,0.22769,0.1922,0.15058,1.11125,2.14462,2.87739,1.12477,0.000130151,0.000130151,0.000130151
60,727.637,0.6759,1.22916,0.82537,0.88997,0.24066,0.24432,0.19564,0.16672,0.23731,0.23738,0.19407,0.15419,1.09693,2.1771,2.85526,1.117,0.000129155,0.000129155,0.000129155
61,739.614,0.68239,1.25703,0.84423,0.89007,0.42664,0.19146,0.19227,0.16102,0.42207,0.19084,0.18856,0.15011,1.09682,2.20366,2.91514,1.11948,0.000128149,0.000128149,0.000128149
62,751.472,0.66903,1.25614,0.84027,0.88978,0.25181,0.23402,0.19447,0.16115,0.25087,0.23274,0.18991,0.14551,1.09392,2.19406,2.91968,1.12009,0.00012713,0.00012713,0.00012713
63,763.349,0.66258,1.18554,0.82604,0.89495,0.28784,0.2399,0.20007,0.16895,0.28811,0.23795,0.19787,0.15818,1.0919,2.22535,2.86638,1.1295,0.0001261,0.0001261,0.0001261
64,775.234,0.66118,1.21288,0.80651,0.88801,0.30689,0.22348,0.19146,0.15779,0.30443,0.22258,0.18841,0.14428,1.08626,2.25889,2.94556,1.13458,0.000125059,0.000125059,0.000125059
65,787.131,0.67867,1.17853,0.80297,0.90155,0.32182,0.21145,0.19894,0.16985,0.31758,0.20787,0.19547,0.1598,1.0926,2.25888,2.85617,1.14481,0.000124008,0.000124008,0.000124008
66,799.022,0.68457,1.25959,0.8286,0.89576,0.48789,0.16557,0.18413,0.15574,0.48816,0.16332,0.18256,0.144,1.10033,2.22886,2.78397,1.13935,0.000122946,0.000122946,0.000122946
67,810.968,0.66682,1.25973,0.84667,0.89065,0.42849,0.18014,0.21117,0.17828,0.27135,0.22693,0.2086,0.17054,1.12159,2.21924,2.89148,1.1473,0.000121873,0.000121873,0.000121873
68,822.889,0.66154,1.24505,0.80911,0.89486,0.39423,0.14667,0.17326,0.14597,0.3896,0.1457,0.16937,0.13743,1.12019,2.19215,2.97311,1.14294,0.000120791,0.000120791,0.000120791
69,834.827,0.66481,1.24399,0.81816,0.89164,0.3782,0.19665,0.19448,0.16651,0.37646,0.19648,0.19178,0.15528,1.09275,2.23486,2.8924,1.13472,0.000119698,0.000119698,0.000119698
70,846.761,0.66415,1.24275,0.80246,0.89554,0.3366,0.21936,0.21166,0.18136,0.33035,0.21763,0.20846,0.17051,1.10282,2.20911,2.95104,1.1473,0.000118597,0.000118597,0.000118597
71,858.582,0.66467,1.20573,0.80369,0.88406,0.22622,0.21701,0.18075,0.15107,0.22548,0.21577,0.17712,0.14037,1.11146,2.23324,2.95118,1.13381,0.000117486,0.000117486,0.000117486
72,870.596,0.69874,1.3275,0.85134,0.89821,0.33009,0.1877,0.17048,0.13803,0.3098,0.20455,0.16868,0.13288,1.11577,2.18627,2.89119,1.1365,0.000116366,0.000116366,0.000116366
73,882.596,0.66755,1.22914,0.81835,0.88927,0.43987,0.18007,0.19362,0.16077,0.40634,0.17976,0.18891,0.15391,1.10214,2.19025,2.87746,1.13762,0.000115237,0.000115237,0.000115237
74,894.63,0.66515,1.20729,0.81165,0.89221,0.37934,0.20229,0.19547,0.16518,0.37875,0.20164,0.19294,0.15195,1.08523,2.22013,2.8733,1.12493,0.000114101,0.000114101,0.000114101
75,906.616,0.65298,1.2293,0.8095,0.88918,0.29421,0.23399,0.19306,0.16681,0.29084,0.2325,0.19131,0.15462,1.08822,2.16265,2.84679,1.12585,0.000112956,0.000112956,0.000112956
76,918.536,0.66574,1.20762,0.84188,0.88627,0.36791,0.19127,0.1873,0.15974,0.39382,0.18462,0.1839,0.14805,1.09831,2.22704,2.97851,1.12784,0.000111803,0.000111803,0.000111803
77,930.475,0.64692,1.17637,0.7994,0.884,0.28456,0.2303,0.18386,0.15593,0.2814,0.22984,0.18054,0.14651,1.09154,2.22003,2.93133,1.12327,0.000110643,0.000110643,0.000110643
78,942.552,0.65754,1.17956,0.79114,0.88701,0.22148,0.2096,0.18881,0.15638,0.22026,0.20681,0.18574,0.1466,1.0933,2.20605,2.86726,1.12238,0.000109475,0.000109475,0.000109475
79,954.59,0.66249,1.20422,0.79169,0.88421,0.42223,0.16404,0.17831,0.15012,0.41519,0.16256,0.1756,0.1389,1.07639,2.15427,2.87802,1.11719,0.000108301,0.000108301,0.000108301
80,966.558,0.67276,1.2174,0.76617,0.88687,0.35321,0.19084,0.1932,0.16391,0.34626,0.19025,0.19202,0.1551,1.09136,2.18151,2.90841,1.13044,0.00010712,0.00010712,0.00010712
81,978.417,0.67783,1.27983,0.83017,0.89929,0.30065,0.21653,0.2016,0.1704,0.30254,0.2181,0.20076,0.15984,1.10176,2.19451,2.95577,1.12651,0.000105932,0.000105932,0.000105932
82,990.285,0.68385,1.29447,0.84121,0.89414,0.40812,0.16835,0.17878,0.15206,0.40355,0.16658,0.17699,0.14239,1.10275,2.14792,2.92755,1.13582,0.000104739,0.000104739,0.000104739
83,1002.13,0.64575,1.18494,0.76924,0.88251,0.39896,0.17582,0.16273,0.13447,0.33354,0.18045,0.15917,0.12299,1.09548,2.20024,2.86926,1.13561,0.000103539,0.000103539,0.000103539
84,1013.99,0.63848,1.20212,0.76354,0.89075,0.32043,0.19677,0.18864,0.15267,0.26078,0.21961,0.18526,0.14733,1.08661,2.17826,2.91787,1.13209,0.000102334,0.000102334,0.000102334
85,1025.91,0.64553,1.20273,0.7895,0.8813,0.33257,0.23159,0.20712,0.16985,0.33358,0.22951,0.20412,0.15706,1.07937,2.19368,2.81958,1.12747,0.000101124,0.000101124,0.000101124
86,1037.89,0.64639,1.19412,0.79152,0.89127,0.34192,0.21348,0.20501,0.16997,0.33196,0.21775,0.20245,0.15959,1.09471,2.22239,2.90225,1.14432,9.99094e-05,9.99094e-05,9.99094e-05
87,1049.96,0.63754,1.17758,0.79656,0.88151,0.38997,0.19148,0.19602,0.16116,0.39149,0.19383,0.19508,0.15619,1.08538,2.19792,2.92218,1.12725,9.86899e-05,9.86899e-05,9.86899e-05
88,1061.85,0.65058,1.23832,0.76338,0.89059,0.48152,0.15685,0.19558,0.16249,0.48119,0.15621,0.19311,0.15247,1.08802,2.19455,2.89474,1.12278,9.74661e-05,9.74661e-05,9.74661e-05
89,1073.77,0.62134,1.13295,0.7306,0.87739,0.36348,0.20023,0.19434,0.15937,0.35971,0.19882,0.19062,0.15128,1.08386,2.17134,2.86902,1.107,9.62384e-05,9.62384e-05,9.62384e-05
90,1085.86,0.64417,1.15219,0.7595,0.87544,0.39209,0.1776,0.19356,0.15912,0.38715,0.17725,0.18875,0.15086,1.08063,2.23501,2.83762,1.10914,9.50069e-05,9.50069e-05,9.50069e-05
91,1097.85,0.6661,1.22666,0.76975,0.8923,0.34826,0.20659,0.20336,0.16728,0.34114,0.20408,0.19898,0.15844,1.10413,2.21015,2.94563,1.11903,9.3772e-05,9.3772e-05,9.3772e-05
92,1109.65,0.63709,1.20676,0.7529,0.8791,0.42451,0.17659,0.20334,0.16716,0.41724,0.17607,0.20073,0.1579,1.07191,2.16005,2.86305,1.10211,9.25341e-05,9.25341e-05,9.25341e-05
93,1121.58,0.61841,1.16255,0.7155,0.87235,0.4432,0.18871,0.20132,0.16771,0.44083,0.18925,0.2016,0.1612,1.07841,2.10321,2.84595,1.11094,9.12934e-05,9.12934e-05,9.12934e-05
94,1133.48,0.64447,1.16781,0.74905,0.88208,0.3841,0.19012,0.20749,0.16991,0.5452,0.16783,0.20603,0.1645,1.0792,2.13965,2.82387,1.11976,9.00503e-05,9.00503e-05,9.00503e-05
95,1145.46,0.63335,1.18221,0.74833,0.88062,0.41956,0.19672,0.2201,0.18076,0.41999,0.19684,0.21826,0.17065,1.08163,2.13622,2.75923,1.11618,8.8805e-05,8.8805e-05,8.8805e-05
96,1157.67,0.63318,1.14688,0.72712,0.87822,0.40622,0.19807,0.2203,0.18331,0.40505,0.19749,0.21725,0.16995,1.08377,2.13462,2.77766,1.11454,8.75578e-05,8.75578e-05,8.75578e-05
97,1169.66,0.63394,1.18833,0.75425,0.88053,0.49831,0.17433,0.1981,0.16433,0.36168,0.21889,0.19643,0.15379,1.07283,2.17312,2.87064,1.11987,8.63091e-05,8.63091e-05,8.63091e-05
98,1181.66,0.63691,1.17402,0.7599,0.87864,0.38599,0.21224,0.20134,0.16816,0.38086,0.20995,0.1973,0.1579,1.08874,2.10608,2.88645,1.13005,8.50591e-05,8.50591e-05,8.50591e-05
99,1193.65,0.6361,1.16566,0.74728,0.87414,0.47446,0.20205,0.21128,0.17561,0.47022,0.20029,0.20723,0.16124,1.06437,2.10969,2.81827,1.11595,8.38083e-05,8.38083e-05,8.38083e-05
100,1205.45,0.6578,1.20335,0.77063,0.88962,0.23672,0.25285,0.20736,0.17439,0.23373,0.24922,0.20356,0.16245,1.06895,2.15267,2.8286,1.11253,8.25568e-05,8.25568e-05,8.25568e-05
101,1217.5,0.6262,1.17299,0.71449,0.88301,0.28759,0.24203,0.20777,0.17082,0.28603,0.24048,0.20344,0.16257,1.08274,2.18266,2.84597,1.12711,8.1305e-05,8.1305e-05,8.1305e-05
102,1229.46,0.65317,1.21278,0.76717,0.87757,0.37281,0.23201,0.21603,0.18047,0.35318,0.23643,0.21397,0.16772,1.07338,2.14958,2.82776,1.11827,8.00532e-05,8.00532e-05,8.00532e-05
103,1241.33,0.64073,1.19677,0.73554,0.87664,0.3387,0.25417,0.21138,0.17429,0.3376,0.25292,0.20858,0.16443,1.08072,2.1381,2.88039,1.12128,7.88017e-05,7.88017e-05,7.88017e-05
104,1253.25,0.64069,1.17258,0.74427,0.88041,0.45342,0.1841,0.20818,0.17657,0.45026,0.18388,0.20633,0.16474,1.0809,2.13779,2.91153,1.11676,7.75509e-05,7.75509e-05,7.75509e-05
105,1265.13,0.62585,1.13874,0.73913,0.88025,0.44307,0.20323,0.21234,0.17466,0.43636,0.2016,0.20963,0.16588,1.07397,2.11272,2.80803,1.10898,7.63009e-05,7.63009e-05,7.63009e-05
106,1277.05,0.63563,1.16205,0.73008,0.87755,0.4183,0.21592,0.19909,0.16091,0.41502,0.21613,0.19726,0.15179,1.08008,2.15604,2.84627,1.11852,7.50522e-05,7.50522e-05,7.50522e-05
107,1288.97,0.62591,1.14193,0.74864,0.8671,0.42931,0.21988,0.18757,0.14988,0.42717,0.21903,0.18459,0.13916,1.07692,2.16958,2.82266,1.11532,7.3805e-05,7.3805e-05,7.3805e-05
108,1300.85,0.62855,1.15273,0.73613,0.87632,0.47042,0.19343,0.21551,0.17899,0.46554,0.19192,0.21311,0.16614,1.07006,2.18014,2.82426,1.11,7.25597e-05,7.25597e-05,7.25597e-05
109,1312.89,0.62881,1.14247,0.72402,0.87707,0.3622,0.22867,0.20272,0.16874,0.36225,0.22935,0.20105,0.16036,1.06878,2.16272,2.81242,1.11281,7.13166e-05,7.13166e-05,7.13166e-05
110,1324.74,0.66018,1.19569,0.78691,0.89146,0.4254,0.2037,0.19793,0.16145,0.43372,0.20053,0.19526,0.15025,1.08444,2.13492,2.79119,1.11892,7.00759e-05,7.00759e-05,7.00759e-05
111,1336.64,0.6217,1.14075,0.7324,0.88115,0.41581,0.20885,0.20503,0.17299,0.41283,0.20695,0.20204,0.16112,1.0798,2.15762,2.82453,1.11433,6.8838e-05,6.8838e-05,6.8838e-05
112,1348.54,0.63585,1.21488,0.74861,0.88012,0.41175,0.22373,0.20548,0.17005,0.41124,0.22169,0.20048,0.15729,1.07355,2.16181,2.80941,1.11291,6.76031e-05,6.76031e-05,6.76031e-05
113,1360.48,0.62791,1.18203,0.73886,0.88085,0.40418,0.22478,0.19476,0.1641,0.39855,0.22128,0.19052,0.14997,1.08165,2.17977,2.86523,1.11134,6.63716e-05,6.63716e-05,6.63716e-05
114,1372.45,0.62357,1.15625,0.71575,0.87896,0.43953,0.184,0.19374,0.16489,0.4355,0.1836,0.19086,0.15076,1.06133,2.18402,2.80967,1.10965,6.51439e-05,6.51439e-05,6.51439e-05
115,1384.37,0.62498,1.1822,0.70339,0.87459,0.42354,0.18183,0.20504,0.17721,0.41866,0.18052,0.20203,0.16458,1.05233,2.17675,2.86112,1.10236,6.39201e-05,6.39201e-05,6.39201e-05
116,1396.15,0.59892,1.07586,0.67686,0.86269,0.47002,0.18211,0.19683,0.16918,0.46638,0.18122,0.19402,0.1561,1.06868,2.18055,2.8952,1.11516,6.27006e-05,6.27006e-05,6.27006e-05
117,1408.21,0.58977,1.04543,0.6725,0.86197,0.33611,0.22345,0.19763,0.16671,0.33487,0.22189,0.19286,0.15324,1.07364,2.23026,2.86124,1.11677,6.14857e-05,6.14857e-05,6.14857e-05
118,1420.21,0.61442,1.17216,0.70594,0.87605,0.3484,0.20127,0.19488,0.16497,0.3468,0.1994,0.19111,0.15385,1.06351,2.17654,2.83396,1.10027,6.02756e-05,6.02756e-05,6.02756e-05
119,1432.26,0.62851,1.12765,0.72039,0.88325,0.4278,0.20338,0.19762,0.16752,0.42544,0.20207,0.19533,0.1567,1.06092,2.1793,2.80639,1.10743,5.90708e-05,5.90708e-05,5.90708e-05
120,1444.4,0.61904,1.1593,0.71962,0.87456,0.3448,0.23602,0.19841,0.16795,0.34201,0.23329,0.19518,0.15585,1.05942,2.17648,2.80329,1.11162,5.78715e-05,5.78715e-05,5.78715e-05
121,1456.37,0.61494,1.17489,0.71559,0.87553,0.38424,0.24509,0.20362,0.17324,0.38288,0.2442,0.20122,0.15843,1.06023,2.14496,2.82737,1.11005,5.66779e-05,5.66779e-05,5.66779e-05
122,1468.31,0.61476,1.12628,0.70647,0.86397,0.46731,0.20269,0.21224,0.17629,0.46722,0.20257,0.20978,0.16454,1.06658,2.1812,2.84048,1.11311,5.54904e-05,5.54904e-05,5.54904e-05
123,1480.3,0.61972,1.1289,0.7071,0.87421,0.41458,0.22349,0.21726,0.18033,0.43863,0.20437,0.21512,0.16881,1.06047,2.18466,2.80481,1.10785,5.43093e-05,5.43093e-05,5.43093e-05
124,1492.19,0.61048,1.13745,0.69393,0.86891,0.33059,0.2561,0.21199,0.18138,0.46035,0.19824,0.21001,0.16654,1.06291,2.17163,2.79655,1.11201,5.31348e-05,5.31348e-05,5.31348e-05
125,1504.06,0.58235,1.05094,0.67496,0.87118,0.38212,0.24211,0.22099,0.18859,0.38203,0.23998,0.21855,0.17519,1.05493,2.1683,2.80617,1.10699,5.19673e-05,5.19673e-05,5.19673e-05
126,1516.08,0.59436,1.12496,0.66834,0.86734,0.39855,0.23864,0.21932,0.18039,0.39827,0.23908,0.21747,0.17184,1.07003,2.17291,2.83945,1.11013,5.0807e-05,5.0807e-05,5.0807e-05
127,1527.92,0.61017,1.1468,0.6969,0.87227,0.3612,0.2424,0.21848,0.17917,0.36074,0.24134,0.21606,0.16986,1.07682,2.17659,2.82841,1.11364,4.96543e-05,4.96543e-05,4.96543e-05
128,1539.86,0.60403,1.14368,0.70381,0.87648,0.38966,0.22599,0.21566,0.17888,0.46542,0.20469,0.21282,0.17049,1.07759,2.16572,2.8388,1.11425,4.85094e-05,4.85094e-05,4.85094e-05
129,1551.82,0.59814,1.10491,0.67622,0.86563,0.4187,0.21347,0.20479,0.17243,0.41355,0.21405,0.20264,0.16286,1.08711,2.17382,2.85117,1.12654,4.73725e-05,4.73725e-05,4.73725e-05
130,1563.78,0.59259,1.12058,0.68096,0.87273,0.36713,0.2296,0.20648,0.17477,0.36793,0.23037,0.20438,0.16416,1.08875,2.16419,2.85146,1.12778,4.6244e-05,4.6244e-05,4.6244e-05
131,1575.66,0.59491,1.09628,0.67963,0.8685,0.39984,0.21203,0.20431,0.17311,0.40087,0.2134,0.2024,0.16032,1.07439,2.18173,2.85651,1.11287,4.51242e-05,4.51242e-05,4.51242e-05
132,1587.63,0.58738,1.09849,0.66616,0.87447,0.37118,0.22153,0.20184,0.17218,0.37081,0.22221,0.20021,0.15963,1.07984,2.15949,2.82666,1.12425,4.40133e-05,4.40133e-05,4.40133e-05
133,1599.61,0.62365,1.13976,0.68912,0.87437,0.31521,0.23244,0.2024,0.16837,0.31524,0.23163,0.20083,0.15684,1.06739,2.16618,2.82165,1.11133,4.29116e-05,4.29116e-05,4.29116e-05
134,1611.56,0.63928,1.16144,0.72211,0.87347,0.27832,0.24809,0.20214,0.17387,0.27771,0.24846,0.20062,0.15966,1.06945,2.18743,2.92599,1.11348,4.18194e-05,4.18194e-05,4.18194e-05
135,1623.59,0.58743,1.11116,0.6663,0.86533,0.31472,0.25047,0.20068,0.17269,0.31703,0.25116,0.1983,0.15747,1.06822,2.18235,2.87246,1.1137,4.07369e-05,4.07369e-05,4.07369e-05
136,1635.58,0.62476,1.15105,0.69878,0.8795,0.3952,0.22217,0.20009,0.16957,0.39734,0.22355,0.1986,0.1581,1.07443,2.14642,2.84832,1.12113,3.96645e-05,3.96645e-05,3.96645e-05
137,1647.57,0.60547,1.12262,0.69123,0.87197,0.4255,0.18509,0.20342,0.17067,0.42552,0.18778,0.20139,0.15729,1.06261,2.15846,2.83472,1.11659,3.86023e-05,3.86023e-05,3.86023e-05
138,1659.66,0.60932,1.18307,0.7048,0.86998,0.33439,0.21988,0.19898,0.16217,0.35937,0.21935,0.19709,0.15229,1.05984,2.18486,2.82954,1.10619,3.75506e-05,3.75506e-05,3.75506e-05
139,1671.64,0.58944,1.09208,0.66907,0.86374,0.36538,0.2159,0.19861,0.16428,0.36639,0.21572,0.19735,0.15662,1.06331,2.18644,2.81477,1.10975,3.65098e-05,3.65098e-05,3.65098e-05
140,1683.69,0.59759,1.11834,0.67999,0.87246,0.43866,0.19281,0.20039,0.1665,0.43633,0.19358,0.19995,0.15778,1.0704,2.18606,2.85986,1.10938,3.548e-05,3.548e-05,3.548e-05
141,1695.84,0.59937,1.13216,0.68047,0.87559,0.45763,0.19226,0.20326,0.16741,0.45488,0.19062,0.20174,0.15984,1.06936,2.20684,2.87373,1.10694,3.44615e-05,3.44615e-05,3.44615e-05
142,1707.72,0.59541,1.05569,0.70144,0.86578,0.38007,0.22581,0.20438,0.1685,0.38223,0.22602,0.2043,0.1612,1.0685,2.19668,2.85554,1.10831,3.34545e-05,3.34545e-05,3.34545e-05
143,1719.71,0.59018,1.10089,0.66288,0.86575,0.51411,0.1779,0.2052,0.16898,0.51077,0.17778,0.20427,0.16265,1.07473,2.17567,2.83037,1.11632,3.24594e-05,3.24594e-05,3.24594e-05
144,1731.76,0.60156,1.1191,0.67551,0.86719,0.46465,0.18721,0.20198,0.1668,0.46265,0.18686,0.20004,0.1574,1.06306,2.16519,2.81954,1.11121,3.14763e-05,3.14763e-05,3.14763e-05
145,1743.56,0.60231,1.11894,0.66221,0.86248,0.47351,0.1819,0.20136,0.16546,0.4716,0.18178,0.20031,0.15636,1.06007,2.15125,2.81682,1.10593,3.05055e-05,3.05055e-05,3.05055e-05
146,1755.43,0.58103,1.06455,0.64588,0.86018,0.42447,0.20701,0.19671,0.16117,0.4212,0.20653,0.19528,0.15276,1.06938,2.15695,2.85449,1.11211,2.95472e-05,2.95472e-05,2.95472e-05
147,1767.51,0.58871,1.07624,0.66748,0.86993,0.38256,0.20059,0.18964,0.15494,0.37815,0.20147,0.18827,0.15034,1.07072,2.14458,2.83992,1.11545,2.86018e-05,2.86018e-05,2.86018e-05
148,1779.49,0.58834,1.10339,0.65189,0.86421,0.41432,0.19935,0.19056,0.15606,0.41247,0.19804,0.18834,0.14794,1.06723,2.17718,2.86093,1.11199,2.76693e-05,2.76693e-05,2.76693e-05
149,1791.38,0.5851,1.09332,0.66155,0.87025,0.40029,0.19368,0.19117,0.15642,0.39699,0.19321,0.18805,0.14711,1.05867,2.17452,2.87137,1.09946,2.675e-05,2.675e-05,2.675e-05
150,1803.19,0.59565,1.11274,0.67351,0.87754,0.41149,0.19547,0.19271,0.15746,0.41312,0.19046,0.18881,0.14935,1.05978,2.16458,2.8391,1.10257,2.58442e-05,2.58442e-05,2.58442e-05
151,1815.26,0.58567,1.07361,0.64836,0.86232,0.39323,0.20105,0.19809,0.16363,0.39154,0.20112,0.19629,0.15615,1.06333,2.17448,2.84627,1.10816,2.49521e-05,2.49521e-05,2.49521e-05
152,1827.1,0.60733,1.11261,0.68297,0.86744,0.41714,0.19819,0.19901,0.16466,0.36393,0.22749,0.19769,0.15642,1.06561,2.16018,2.84808,1.10685,2.40739e-05,2.40739e-05,2.40739e-05
153,1839.05,0.57948,1.05707,0.64344,0.86533,0.41966,0.20077,0.19632,0.16217,0.41665,0.20134,0.19507,0.15657,1.06182,2.15071,2.83962,1.10264,2.32098e-05,2.32098e-05,2.32098e-05
154,1851,0.56628,1.05875,0.62466,0.85758,0.42916,0.20198,0.19427,0.16023,0.42268,0.20289,0.1934,0.15716,1.05864,2.14663,2.85504,1.10122,2.23601e-05,2.23601e-05,2.23601e-05
155,1862.96,0.58036,1.055,0.63512,0.86341,0.46713,0.17636,0.19962,0.1655,0.40372,0.2083,0.19898,0.16157,1.06466,2.13816,2.87591,1.1094,2.15249e-05,2.15249e-05,2.15249e-05
156,1874.77,0.57017,1.07515,0.62773,0.86098,0.37802,0.21312,0.19763,0.1642,0.37689,0.21784,0.19674,0.15742,1.06563,2.13965,2.87566,1.1063,2.07044e-05,2.07044e-05,2.07044e-05
157,1886.65,0.59046,1.09567,0.66607,0.86762,0.38358,0.21687,0.19346,0.16005,0.38357,0.21735,0.19221,0.15378,1.06174,2.16255,2.87457,1.10335,1.98989e-05,1.98989e-05,1.98989e-05
158,1898.6,0.57609,1.08044,0.66473,0.86354,0.36666,0.2188,0.19428,0.16122,0.36817,0.22108,0.19394,0.15415,1.06767,2.15176,2.84959,1.10899,1.91086e-05,1.91086e-05,1.91086e-05
159,1910.45,0.55996,1.05491,0.62237,0.85841,0.38241,0.20284,0.19446,0.161,0.36907,0.21397,0.19399,0.1532,1.0702,2.15305,2.8535,1.10878,1.83336e-05,1.83336e-05,1.83336e-05
160,1922.48,0.57007,1.03944,0.66476,0.85805,0.36411,0.22761,0.19736,0.16418,0.36482,0.2313,0.19699,0.15564,1.0691,2.15404,2.83103,1.1073,1.75741e-05,1.75741e-05,1.75741e-05
161,1934.51,0.59391,1.14025,0.66708,0.8704,0.36855,0.22839,0.19667,0.16301,0.36969,0.23137,0.19601,0.15508,1.06839,2.15586,2.83584,1.10921,1.68304e-05,1.68304e-05,1.68304e-05
162,1946.52,0.60003,1.16306,0.66974,0.87789,0.37414,0.22435,0.19608,0.16261,0.36852,0.22483,0.19466,0.15341,1.06542,2.15039,2.81964,1.10988,1.61026e-05,1.61026e-05,1.61026e-05
163,1958.52,0.56987,1.08022,0.63673,0.86724,0.36029,0.22465,0.19773,0.16368,0.35731,0.22607,0.19564,0.15715,1.06239,2.14501,2.831,1.10906,1.53908e-05,1.53908e-05,1.53908e-05
164,1970.3,0.59073,1.13298,0.68487,0.86983,0.36717,0.20324,0.19479,0.16121,0.36372,0.20411,0.1936,0.15342,1.06288,2.15374,2.85115,1.10547,1.46953e-05,1.46953e-05,1.46953e-05
165,1982.26,0.58859,1.04961,0.63535,0.86282,0.40193,0.20451,0.19355,0.16023,0.39976,0.20435,0.19178,0.15222,1.06327,2.1577,2.8538,1.10637,1.40163e-05,1.40163e-05,1.40163e-05
166,1994.07,0.57997,1.07898,0.65444,0.86184,0.36957,0.22874,0.19493,0.16139,0.36696,0.23261,0.1938,0.15357,1.06355,2.14828,2.83769,1.10711,1.33538e-05,1.33538e-05,1.33538e-05
167,2005.91,0.57575,1.11664,0.64217,0.86159,0.36753,0.22377,0.1951,0.16589,0.36687,0.2292,0.19394,0.15618,1.05986,2.14567,2.8321,1.10585,1.27082e-05,1.27082e-05,1.27082e-05
168,2017.89,0.57411,1.1047,0.63164,0.86176,0.36733,0.21321,0.1946,0.16482,0.36482,0.21363,0.19259,0.15506,1.06094,2.13392,2.82064,1.10538,1.20794e-05,1.20794e-05,1.20794e-05
169,2029.79,0.57413,1.04336,0.63328,0.85887,0.3772,0.21124,0.1938,0.16042,0.3739,0.21453,0.19249,0.15123,1.06451,2.14105,2.8303,1.11016,1.14677e-05,1.14677e-05,1.14677e-05
170,2041.76,0.60024,1.12691,0.66771,0.86057,0.38287,0.19389,0.19705,0.16726,0.37997,0.19354,0.19524,0.1568,1.06268,2.15642,2.84755,1.10877,1.08733e-05,1.08733e-05,1.08733e-05
171,2053.62,0.5659,1.05163,0.6321,0.86404,0.37295,0.19974,0.19531,0.16605,0.35184,0.21648,0.19403,0.15497,1.05558,2.14166,2.82522,1.10369,1.02962e-05,1.02962e-05,1.02962e-05
172,2065.51,0.58945,1.07165,0.65322,0.86036,0.3624,0.2181,0.19552,0.16159,0.35866,0.22206,0.19412,0.15333,1.05705,2.13424,2.82582,1.10515,9.73669e-06,9.73669e-06,9.73669e-06
173,2077.6,0.60167,1.09774,0.63369,0.85843,0.32612,0.23181,0.19435,0.1602,0.32518,0.23307,0.1928,0.15343,1.05622,2.14394,2.82274,1.10456,9.19481e-06,9.19481e-06,9.19481e-06
174,2089.69,0.60621,1.10846,0.64613,0.86975,0.33115,0.23886,0.19636,0.16145,0.33001,0.23955,0.19388,0.15389,1.06323,2.14576,2.83269,1.10658,8.67072e-06,8.67072e-06,8.67072e-06
175,2101.81,0.57573,1.07073,0.62868,0.86634,0.35888,0.22478,0.19778,0.16408,0.35696,0.2261,0.19659,0.15626,1.0639,2.14403,2.85323,1.10938,8.16455e-06,8.16455e-06,8.16455e-06
176,2113.78,0.57293,1.06201,0.64473,0.86639,0.36933,0.21931,0.19859,0.16485,0.36664,0.22081,0.19714,0.15689,1.06432,2.14046,2.85471,1.10984,7.67642e-06,7.67642e-06,7.67642e-06
177,2125.72,0.55743,1.04288,0.60876,0.86135,0.35824,0.23819,0.1982,0.16436,0.35546,0.23816,0.19663,0.1563,1.064,2.13477,2.85215,1.10758,7.20646e-06,7.20646e-06,7.20646e-06
178,2137.72,0.56657,1.05363,0.63603,0.86526,0.327,0.23005,0.19931,0.16435,0.32526,0.22976,0.19664,0.15634,1.06591,2.13675,2.85769,1.10886,6.75479e-06,6.75479e-06,6.75479e-06
179,2149.69,0.56647,1.06712,0.63231,0.86642,0.38326,0.21229,0.19989,0.16498,0.37861,0.2117,0.19707,0.15677,1.06416,2.13743,2.85799,1.10741,6.32151e-06,6.32151e-06,6.32151e-06
180,2161.58,0.55434,1.03628,0.61312,0.85608,0.38929,0.19881,0.19956,0.1647,0.38558,0.20273,0.19717,0.15681,1.06309,2.13751,2.8476,1.10721,5.90673e-06,5.90673e-06,5.90673e-06
181,2173.62,0.56188,1.04927,0.60378,0.862,0.39163,0.19803,0.19921,0.16445,0.38644,0.19831,0.1968,0.15659,1.05877,2.13873,2.83861,1.10371,5.51055e-06,5.51055e-06,5.51055e-06
182,2185.9,0.58555,1.0891,0.65541,0.86415,0.35377,0.24004,0.19996,0.16926,0.35126,0.23993,0.19677,0.15935,1.06139,2.13996,2.84049,1.10408,5.13308e-06,5.13308e-06,5.13308e-06
183,2197.88,0.57865,1.08477,0.63318,0.86447,0.32761,0.24284,0.20031,0.16927,0.32703,0.24309,0.19757,0.15946,1.05617,2.14182,2.82784,1.1024,4.77439e-06,4.77439e-06,4.77439e-06
184,2209.86,0.57541,1.07817,0.65129,0.86799,0.34883,0.24368,0.19943,0.16404,0.3486,0.24393,0.19695,0.15727,1.05518,2.14725,2.82553,1.10281,4.4346e-06,4.4346e-06,4.4346e-06
185,2221.75,0.57576,1.11463,0.64632,0.87092,0.35466,0.23515,0.1989,0.16424,0.3534,0.23715,0.197,0.15751,1.05424,2.14551,2.82432,1.10103,4.11376e-06,4.11376e-06,4.11376e-06
186,2233.67,0.57472,1.07197,0.65274,0.86622,0.36408,0.22692,0.19856,0.16395,0.36057,0.23508,0.19671,0.1569,1.05721,2.14613,2.82571,1.1019,3.81198e-06,3.81198e-06,3.81198e-06
187,2245.73,0.57933,1.08665,0.63603,0.85832,0.35832,0.23978,0.19869,0.16815,0.35689,0.24056,0.19679,0.159,1.05567,2.14144,2.82746,1.10078,3.52931e-06,3.52931e-06,3.52931e-06
188,2257.58,0.58322,1.07787,0.65199,0.86417,0.35843,0.23344,0.19795,0.16345,0.35553,0.23902,0.1961,0.15607,1.05572,2.14759,2.82464,1.10043,3.26584e-06,3.26584e-06,3.26584e-06
189,2269.52,0.57696,1.0834,0.6408,0.86131,0.34904,0.23868,0.19801,0.16341,0.34846,0.23979,0.19627,0.15653,1.05624,2.1464,2.81359,1.10176,3.02162e-06,3.02162e-06,3.02162e-06
190,2281.42,0.56496,1.05542,0.62593,0.86713,0.36269,0.23416,0.19924,0.16895,0.36082,0.23629,0.19761,0.15995,1.05736,2.14343,2.81849,1.10201,2.79671e-06,2.79671e-06,2.79671e-06
191,2295.49,0.45188,0.79884,0.37347,0.80729,0.39666,0.22051,0.19873,0.1636,0.39433,0.22099,0.19736,0.15632,1.06684,2.15419,2.81321,1.10695,2.59118e-06,2.59118e-06,2.59118e-06
192,2306.75,0.46801,0.83609,0.38104,0.80923,0.41779,0.20405,0.20042,0.1661,0.41176,0.20341,0.1992,0.15924,1.06955,2.16615,2.82041,1.10816,2.40506e-06,2.40506e-06,2.40506e-06
193,2317.87,0.45951,0.8027,0.36315,0.81327,0.48876,0.19689,0.20687,0.17233,0.48197,0.19604,0.20562,0.16557,1.07394,2.17854,2.83885,1.11231,2.23842e-06,2.23842e-06,2.23842e-06
194,2329.07,0.45985,0.81352,0.36543,0.8053,0.41275,0.21856,0.20732,0.17307,0.40811,0.21826,0.20581,0.16381,1.07035,2.1738,2.85081,1.11073,2.09128e-06,2.09128e-06,2.09128e-06
195,2340.3,0.45638,0.82369,0.36004,0.81177,0.41177,0.21784,0.20247,0.16798,0.4072,0.21771,0.20102,0.16073,1.07078,2.17464,2.86222,1.11007,1.96369e-06,1.96369e-06,1.96369e-06
196,2351.48,0.45498,0.81591,0.3548,0.81176,0.41057,0.21895,0.2075,0.17297,0.40551,0.21903,0.20602,0.16552,1.07071,2.17486,2.86036,1.10847,1.85567e-06,1.85567e-06,1.85567e-06
197,2362.66,0.45055,0.78614,0.35008,0.81377,0.41631,0.21068,0.20256,0.16797,0.40712,0.21413,0.20079,0.16061,1.06835,2.17612,2.86443,1.1078,1.76726e-06,1.76726e-06,1.76726e-06
198,2373.82,0.46921,0.85218,0.3733,0.81875,0.40906,0.21987,0.20882,0.17418,0.40543,0.2211,0.20721,0.16673,1.06769,2.17606,2.8761,1.10751,1.69847e-06,1.69847e-06,1.69847e-06
199,2384.98,0.45129,0.80428,0.35317,0.8082,0.41259,0.21664,0.20255,0.16822,0.4083,0.21745,0.2007,0.16073,1.06791,2.17626,2.88036,1.10811,1.64932e-06,1.64932e-06,1.64932e-06
200,2396.32,0.45567,0.79152,0.34724,0.80383,0.41054,0.21739,0.20351,0.16896,0.40442,0.21774,0.20127,0.1613,1.06689,2.1741,2.88363,1.10696,1.61983e-06,1.61983e-06,1.61983e-06
